{
  "fechaExportacion": "2025-12-07T16:06:22.024Z",
  "riesgos": [
    {
      "id": 1,
      "descripcion": "Re-identificación de datos anonimizados",
      "categoria": "Privacidad",
      "dimension": "Derechos y libertades fundamentales",
      "probabilidad": 2,
      "impacto": 3,
      "calificacion": 6,
      "nivelRiesgo": {
        "nivel": "Medio",
        "clase": "risk-level-medio"
      },
      "controles": "Anonimización avanzada, controles de acceso",
      "efectividad": "Media",
      "adicional": "Auditorías periódicas de re-identificación",
      "responsable": "DPO",
      "estado": "Pendiente"
    },
    {
      "id": 2,
      "descripcion": "Sesgo histórico perpetuado o amplificado",
      "categoria": "Equidad",
      "dimension": "Equidad y no discriminación",
      "probabilidad": 3,
      "impacto": 3,
      "calificacion": 9,
      "nivelRiesgo": {
        "nivel": "Alto",
        "clase": "risk-level-alto"
      },
      "controles": "Evaluación de sesgos en datos de entrenamiento",
      "efectividad": "Baja",
      "adicional": "Implementación de técnicas de debiasing, auditorías de equidad",
      "responsable": "Responsable Técnico",
      "estado": "En progreso"
    },
    {
      "id": 3,
      "descripcion": "Envenenamiento de datos de entrenamiento",
      "categoria": "Seguridad",
      "dimension": "Seguridad y ciberseguridad",
      "probabilidad": 1,
      "impacto": 3,
      "calificacion": 3,
      "nivelRiesgo": {
        "nivel": "Bajo",
        "clase": "risk-level-bajo"
      },
      "controles": "Validación de fuentes de datos, controles de integridad",
      "efectividad": "Alta",
      "adicional": "Monitoreo continuo de calidad de datos",
      "responsable": "TIC/Seguridad",
      "estado": "Mitigado"
    },
    {
      "id": 4,
      "descripcion": "Opacidad en criterios de decisión (caja negra)",
      "categoria": "Transparencia",
      "dimension": "Reputación y confianza pública",
      "probabilidad": 3,
      "impacto": 2,
      "calificacion": 6,
      "nivelRiesgo": {
        "nivel": "Medio",
        "clase": "risk-level-medio"
      },
      "controles": "Documentación de criterios de decisión",
      "efectividad": "Media",
      "adicional": "Implementación de mecanismos de explicabilidad (XAI)",
      "responsable": "Responsable Técnico",
      "estado": "Pendiente"
    },
    {
      "id": 5,
      "descripcion": "Ausencia de supervisión humana efectiva",
      "categoria": "Rendición de cuentas",
      "dimension": "Cumplimiento regulatorio",
      "probabilidad": 2,
      "impacto": 2,
      "calificacion": 4,
      "nivelRiesgo": {
        "nivel": "Medio",
        "clase": "risk-level-medio"
      },
      "controles": "Procedimientos de revisión humana",
      "efectividad": "Baja",
      "adicional": "Definición clara de responsabilidades, capacitación",
      "responsable": "Sponsor de Negocio",
      "estado": "En progreso"
    }
  ]
}