{
  "titulo": "Sistema de clasificación automática de solicitudes ciudadanas",
  "entidad": "Secretaría de Gobierno - Dirección de Atención al Ciudadano",
  "sponsor": "María González, Directora de Atención al Ciudadano, mgonzalez@entidad.gov.co",
  "responsable": "Carlos López, Jefe de Desarrollo, clopez@entidad.gov.co",
  "fecha": "15/10/2023 - v1.0",
  "problema": "Actualmente, el proceso de clasificación manual de PQRS (Peticiones, Quejas, Reclamos y Sugerencias) consume aproximadamente 40 horas semanales de trabajo administrativo y presenta un índice de error del 15% en la categorización, lo que genera retrasos en la atención y respuestas incorrectas a los ciudadanos.",
  "servicio": "Proceso de recepción y clasificación de PQRS",
  "proposito": "Clasificar automáticamente las solicitudes ciudadanas en categorías predefinidas para optimizar su distribución a las áreas responsables",
  "tipo": "clasificacion",
  "resultados": "Reducción del 40% en tiempo de clasificación, aumento del 25% en precisión de categorización, reducción del 30% en tiempo de respuesta a ciudadanos",
  "usuarios": "Funcionarios de atención al ciudadano, ciudadanos",
  "perfil": "Funcionarios con nivel básico de alfabetización digital, ciudadanos con diversos niveles de acceso y competencia tecnológica",
  "propietario": "Dirección de Sistemas - Base de datos de PQRS",
  "stakeholders": "Ciudadanos, funcionarios de atención al ciudadano, áreas responsables de atender las solicitudes, Defensoría del Pueblo",
  "fuentes": "Base de datos histórica de PQRS (interna), datos abiertos de la entidad (pública)",
  "volumen": "50,000 registros históricos, actualización mensual con aproximadamente 2,000 nuevas solicitudes",
  "calidad": "Datos históricos con buena calidad en general, aunque con algunas inconsistencias en categorización manual que requerirán limpieza",
  "privacidad": "Incluye datos personales básicos (nombre, identificación, contacto) pero no datos sensibles",
  "baseServicio": "Ley 1755 de 2015 - Derecho de Petición, Ley 1437 de 2011 - Código de Procedimiento Administrativo",
  "normativa": "Ley 1581 de 2012 - Protección de datos personales, Decreto 1074 de 2015 - Sector TIC",
  "evaluacionLegal": "El sistema cumple con los requisitos legales para el tratamiento de datos personales en el marco de la función pública",
  "justificacion": "El sistema clasifica solicitudes pero no toma decisiones finales que afecten directamente derechos fundamentales. Existe supervisión humana en el proceso.",
  "riesgosEticos": "Posible sesgo en la clasificación que podría afectar a grupos vulnerables",
  "riesgosPrivacidad": "Re-identificación de datos anonimizados, uso no autorizado de información personal",
  "riesgosSeguridad": "Ataques de envenenamiento de datos, manipulación de clasificaciones",
  "riesgosEquidad": "Sesgo histórico perpetuado en los datos de entrenamiento",
  "riesgosOperativos": "Dependencia de proveedor externo para mantenimiento del modelo",
  "riesgosReputacionales": "Pérdida de confianza ciudadana por clasificaciones erróneas",
  "mitigaciones": "Auditorías periódicas de equidad, validación humana de clasificaciones críticas, transparencia en el funcionamiento",
  "kpiTecnicos": "Precisión > 90%, Tiempo de respuesta < 2 segundos, Disponibilidad > 99%",
  "kpiImpacto": "Reducción del 40% en tiempo de clasificación, Aumento del 25% en satisfacción ciudadana",
  "kpiCumplimiento": "100% de revisiones de equidad trimestrales, 0 incidentes de seguridad reportados",
  "lineaBase": "Clasificación manual con 85% de precisión, tiempo promedio de clasificación: 5 minutos por solicitud",
  "metas": "6 meses: 80% de precisión, 12 meses: 90% de precisión con reducción del 30% en tiempo de respuesta",
  "alcance": "Fase piloto: 2 áreas de la entidad, Escalamiento: todas las áreas en 6 meses",
  "capacitacion": "Capacitación a funcionarios en uso del sistema, guías para ciudadanos sobre el proceso",
  "comunicacion": "Comunicado oficial sobre implementación, sesiones informativas para ciudadanos",
  "cronograma": "Mes 1-2: Desarrollo, Mes 3: Pruebas piloto, Mes 4-6: Implementación gradual",
  "controles": "Monitoreo continuo de precisión, auditorías de equidad trimestrales, revisiones de seguridad",
  "frecuencia": "Trimestral para auditorías de equidad, Semestral para revisiones de seguridad",
  "protocolo": "Escalamiento inmediato a supervisor en caso de clasificación dudosa, notificación a DPO en caso de incidente de privacidad",
  "canales": "Línea de atención al ciudadano, correo electrónico, formulario web",
  "criterios": "Precisión inferior al 70%, incidentes de seguridad graves, cambios regulatorios que impidan su uso",
  "planDatos": "Eliminación segura de datos personales, conservación de datos anonimizados para análisis",
  "planTransicion": "Retorno gradual al proceso manual, capacitación de personal para transición",
  "firma": "Dr. Roberto Silva, Presidente Comité de IA - 15/10/2023",
  "rolesGobernanza": [
    "dpo",
    "tic",
    "juridica",
    "comite"
  ],
  "categoriasDatos": [
    "personales",
    "publicos"
  ],
  "baseLegal": [
    "consentimiento",
    "funcion"
  ],
  "criteriosClasificacion": [
    "derechos",
    "servicios",
    "decisiones"
  ],
  "estrategia": "piloto",
  "tecnica": "tecnicaViable",
  "juridica": "juridicaAjustes",
  "dpo": "dpoDpia",
  "planeacion": "planeacionDisponibles",
  "comite": "comiteAprobado",
  "nivelRiesgo": "limitado",
  "fechaExportacion": "2025-11-16T21:19:25.757Z",
  "versionCanvas": "1.0"
}