{
  "riesgos": [
    {
      "id": 1,
      "descripcion": "Fuga de datos personales por vulnerabilidades en el modelo",
      "categoria": "Privacidad",
      "dimension": "Derechos y libertades fundamentales",
      "probabilidad": 2,
      "impacto": 3,
      "controles": "Encriptación de datos, controles de acceso basados en roles",
      "efectividad": "Media",
      "adicional": "Auditorías de seguridad periódicas, monitoreo de acceso a datos",
      "responsable": "Oficial de Seguridad",
      "estado": "En progreso"
    },
    {
      "id": 2,
      "descripcion": "Discriminación en procesos de selección por sesgos algorítmicos",
      "categoria": "Equidad",
      "dimension": "Equidad y no discriminación",
      "probabilidad": 3,
      "impacto": 3,
      "controles": "Evaluación de equidad en datasets, pruebas de sesgo",
      "efectividad": "Baja",
      "adicional": "Implementación de algoritmos de debiasing, panel de revisión humana",
      "responsable": "Responsable de RH",
      "estado": "Pendiente"
    },
    {
      "id": 3,
      "descripcion": "Ataques de evasión que engañan al sistema de clasificación",
      "categoria": "Seguridad",
      "dimension": "Seguridad y ciberseguridad",
      "probabilidad": 2,
      "impacto": 3,
      "controles": "Detección de anomalías, validación de entradas",
      "efectividad": "Media",
      "adicional": "Implementación de defensas adversariales, monitoreo continuo",
      "responsable": "Equipo de Ciberseguridad",
      "estado": "Mitigado"
    },
    {
      "id": 4,
      "descripcion": "Falta de transparencia en decisiones crediticias automatizadas",
      "categoria": "Transparencia",
      "dimension": "Reputación y confianza pública",
      "probabilidad": 3,
      "impacto": 2,
      "controles": "Documentación de criterios de decisión",
      "efectividad": "Media",
      "adicional": "Implementación de XAI (AI explicable), justificaciones automáticas",
      "responsable": "Responsable de Cumplimiento",
      "estado": "En progreso"
    },
    {
      "id": 5,
      "descripcion": "Falta de supervisión humana en decisiones médicas críticas",
      "categoria": "Rendición de cuentas",
      "dimension": "Cumplimiento regulatorio",
      "probabilidad": 2,
      "impacto": 3,
      "controles": "Revisión por especialistas médicos",
      "efectividad": "Baja",
      "adicional": "Protocolos de escalamiento obligatorio, capacitación del personal",
      "responsable": "Director Médico",
      "estado": "Pendiente"
    },
    {
      "id": 6,
      "descripcion": "Interrupción del servicio por fallos en la infraestructura de IA",
      "categoria": "Continuidad del servicio",
      "dimension": "Continuidad y calidad del servicio",
      "probabilidad": 2,
      "impacto": 2,
      "controles": "Sistemas de backup, monitoreo de rendimiento",
      "efectividad": "Alta",
      "adicional": "Plan de recuperación ante desastres, redundancia de sistemas",
      "responsable": "Jefe de Operaciones",
      "estado": "Aceptado"
    },
    {
      "id": 7,
      "descripcion": "Incumplimiento de regulaciones de protección de datos (GDPR)",
      "categoria": "Cumplimiento",
      "dimension": "Cumplimiento regulatorio",
      "probabilidad": 3,
      "impacto": 3,
      "controles": "Revisión legal de procesos, políticas de privacidad",
      "efectividad": "Media",
      "adicional": "Auditoría de cumplimiento GDPR, capacitación en protección de datos",
      "responsable": "DPO (Data Protection Officer)",
      "estado": "En progreso"
    },
    {
      "id": 8,
      "descripcion": "Daño reputacional por decisiones algorítmicas controvertidas",
      "categoria": "Reputación",
      "dimension": "Reputación y confianza pública",
      "probabilidad": 2,
      "impacto": 3,
      "controles": "Comunicación corporativa, políticas de uso responsable",
      "efectividad": "Media",
      "adicional": "Comité de ética de IA, protocolos de respuesta a incidentes",
      "responsable": "Director de Comunicaciones",
      "estado": "Pendiente"
    },
    {
      "id": 9,
      "descripcion": "Dependencia excesiva de proveedores externos de IA",
      "categoria": "Continuidad del servicio",
      "dimension": "Continuidad y calidad del servicio",
      "probabilidad": 2,
      "impacto": 2,
      "controles": "Acuerdos de nivel de servicio (SLA), evaluación de proveedores",
      "efectividad": "Alta",
      "adicional": "Desarrollo de capacidades internas, planes de contingencia",
      "responsable": "Director de Tecnología",
      "estado": "Cerrado"
    },
    {
      "id": 10,
      "descripcion": "Uso no autorizado del sistema para fines maliciosos",
      "categoria": "Seguridad",
      "dimension": "Seguridad y ciberseguridad",
      "probabilidad": 1,
      "impacto": 3,
      "controles": "Autenticación multifactor, logging de actividades",
      "efectividad": "Alta",
      "adicional": "Monitoreo de uso anómalo, políticas de uso aceptable",
      "responsable": "Jefe de Seguridad",
      "estado": "Mitigado"
    }
  ]
}