{
  "metadata": {
    "fechaExportacion": "2025-12-08T23:30:00-05:00",
    "versionFormulario": "v1.0"
  },
  "campos": {
    "entidad": "Secretaría Distrital de Seguridad, Convivencia y Justicia",
    "unidad": "Dirección de Seguridad y Convivencia",
    "titulo": "Sistema Automatizado de Registro de Objeciones de Comparendos",
    "responsable": "Director de Seguridad y Convivencia (Sponsor de Negocio)",
    "responsableTecnico": "Líder de Desarrollo e Innovación",
    "fechaElaboracion": "2025-11-26",
    "version": "1.0 (Release Candidate)",
    "descripcionTecnica": "Chatbot con NLP (BETO/Transformer) para clasificación de texto y extracción de entidades (NER), integrado con sistema de gestión documental.",
    "finalidad": "Automatizar el registro y clasificación preliminar de objeciones a comparendos del CNSCC, operando 24/7.",
    "baseLegal": "Ley 1581 de 2012, Código Nacional de Seguridad y Convivencia Ciudadana (CNSCC), Circular 002 SIC.",
    "poblacion": "Ciudadanos (objetantes) y Funcionarios (inspectores) de Bogotá D.C..",
    "casosPermitidos": "Registro estructurado de objeciones, clasificación preliminar de tipo de objeción, validación de datos del comparendo.",
    "casosNoPermitidos": "Toma de decisiones automatizadas finales, creación de perfiles de vigilancia, predicción de infracciones futuras.",
    "tipoDecisiones": "recomendacion",
    "contextoUso": "Interacción directa ciudadano-entidad vía web/móvil para trámite administrativo con impacto en debido proceso.",
    "nombreDataset": "OBJECIONES_BOG_TRAINING_V1.",
    "origenDataset": "Historial anonimizado de PQRSD (últimos 3 años) y transcripciones de objeciones verbales.",
    "motivacionDataset": "Necesidad de capturar variaciones lingüísticas locales y tipos específicos de objeciones del CNSCC.",
    "recoleccionDataset": "Extracción de base de datos histórica y recolección proactiva de muestras verbales con consentimiento.",
    "limpiezaDataset": "De-identification (eliminación de PII), rebalanceo geográfico por localidad, data augmentation para errores ortográficos.",
    "usosPrevistosDataset": "Entrenamiento, validación y mejora del modelo de clasificación NLP.",
    "usosNoPrevistosDataset": "Análisis de sentimiento para fines políticos, perfiles socioeconómicos, vigilancia.",
    "baseLegalPrincipal": "ejercicio-funciones",
    "basesLegalesComplementarias": "Obligación legal (garantía del debido proceso) e Interés público.",
    "consentimientoExplicito": "si",
    "mecanismoConsentimiento": "Aviso de privacidad y transparencia al inicio del chat; aceptación de términos para iniciar.",
    "alternativasSinConsentimiento": "Uso del canal presencial tradicional en oficinas de la Secretaría.",
    "mecanismosIntervencion": "Human-in-the-loop (revisión humana obligatoria), opción de transferencia a agente.",
    "criteriosEscalamiento": "Confianza del modelo < 85%, solicitud expresa del usuario, detección de texto ininteligible.",
    "rolesResponsables": "Inspectores de Policía y funcionarios administrativos encargados de la sustanciación.",
    "frecuenciaRevision": "tiempo-real",
    "procedimientoDesacuerdo": "El funcionario tiene autoridad total para sobreescribir la clasificación automática; ciudadano puede apelar por canales regulares.",
    "mensajesAviso": "Mensaje inicial: 'Soy un asistente virtual... Un funcionario revisará su caso'. Mensaje final con clasificación preliminar.",
    "documentosPublicados": "Model Card simplificada para ciudadanos, Política de Privacidad, FAQ.",
    "canalesConsulta": "Módulo PQRSD, Línea de atención telefónica, Oficinas presenciales.",
    "canalesReporte": "Categoría específica en PQRSD: 'Problemas con el chatbot de objeciones'.",
    "planDivulgacion": "Campaña en portal web, redes sociales y mensajes en notificaciones físicas de comparendos.",
    "evaluacionDPO": "Aprobado tras verificar DPA con proveedor, cifrado y políticas de retención (90 días).",
    "evaluacionResponsableTecnico": "Modelo cumple precisión >92% y latencia aceptable. Infraestructura segura.",
    "evaluacionJuridica": "Contrato incluye cláusulas de auditoría y cumplimiento de Ley 1581. No sustituye al juez natural.",
    "decisionComiteIA": "aprobado-condiciones",
    "fechaAprobacion": "2025-12-08",
    "condicionesReservas": "Despliegue gradual (piloto 3 localidades), monitoreo intensivo (hypercare) 8 semanas, mantener CSAT > 80%.",
    "fechaProximaRevision": "2026-01-15"
  },
  "tablas": {
    "tablaMapeoDatos": [
      {
        "Categoría": "identificacion",
        "Tipo de dato": "texto",
        "Fuente": "Ciudadano (input directo)",
        "Dato personal": "si",
        "Base de licitud": "ejercicio-funciones",
        "Finalidad": "Validación de identidad del objetante.",
        "Técnicas": "recopilacion",
        "Sesgos": "N/A",
        "Observaciones": "Se valida contra base de datos de comparendos."
      },
      {
        "Categoría": "contacto",
        "Tipo de dato": "texto",
        "Fuente": "Ciudadano",
        "Dato personal": "si",
        "Base de licitud": "consentimiento",
        "Finalidad": "Notificaciones del proceso administrativo.",
        "Técnicas": "recopilacion",
        "Sesgos": "Exclusión de personas sin email.",
        "Observaciones": "Opcional si se notifica por estrado."
      },
      {
        "Categoría": "comportamiento",
        "Tipo de dato": "texto",
        "Fuente": "Ciudadano (narrativa de la objeción)",
        "Dato personal": "si",
        "Base de licitud": "ejercicio-funciones",
        "Finalidad": "Análisis NLP para clasificación jurídica.",
        "Técnicas": "procesamiento",
        "Sesgos": "Sesgo lingüístico contra jergas locales.",
        "Observaciones": "Corpus entrenado para mitigar sesgo dialectal."
      }
    ],
    "tablaImpactosDerechos": [
      {
        "Derecho": "igualdad",
        "Pregunta guía": "¿El sistema discrimina por lenguaje o nivel educativo?",
        "Respuesta": "Riesgo de menor precisión en textos coloquiales de estratos bajos.",
        "Riesgo": "Discriminación en el acceso al debido proceso.",
        "Prob. (1–3)": 2,
        "Impacto (1–3)": 3,
        "Nivel": "medio"
      },
      {
        "Derecho": "privacidad",
        "Pregunta guía": "¿Se protegen los datos sensibles de infracciones?",
        "Respuesta": "Uso de cifrado y retención limitada.",
        "Riesgo": "Fuga de datos o acceso no autorizado.",
        "Prob. (1–3)": 1,
        "Impacto (1–3)": 3,
        "Nivel": "bajo"
      },
      {
        "Derecho": "debido-proceso",
        "Pregunta guía": "¿La IA toma decisiones que afectan la defensa?",
        "Respuesta": "La IA solo clasifica; el humano decide.",
        "Riesgo": "Clasificación errónea que desvíe el caso.",
        "Prob. (1–3)": 2,
        "Impacto (1–3)": 2,
        "Nivel": "medio"
      },
      {
        "Derecho": "acceso-servicios",
        "Pregunta guía": "¿Se excluye a personas sin habilidades digitales?",
        "Respuesta": "Se mantiene canal físico.",
        "Riesgo": "Barrera de acceso digital.",
        "Prob. (1–3)": 3,
        "Impacto (1–3)": 2,
        "Nivel": "medio"
      }
    ],
    "tablaMatrizRiesgos": [
      {
        "ID": "1",
        "Descripción": "Sesgo Algorítmico Lingüístico (malinterpretación de jerga).",
        "Categoría": "equidad",
        "Prob.": 2,
        "Impacto": 3,
        "Punt. (P×I)": 6,
        "Nivel": "medio",
        "Controles": "Corpus diverso, rebalanceo, monitoreo DIR."
      },
      {
        "ID": "2",
        "Descripción": "Privacidad y Retención excesiva de datos.",
        "Categoría": "privacidad",
        "Prob.": 1,
        "Impacto": 3,
        "Punt. (P×I)": 3,
        "Nivel": "bajo",
        "Controles": "Secure wipe a 90 días, cifrado AES-256."
      },
      {
        "ID": "3",
        "Descripción": "Ataques de Prompt Injection.",
        "Categoría": "seguridad",
        "Prob.": 2,
        "Impacto": 2,
        "Punt. (P×I)": 4,
        "Nivel": "medio",
        "Controles": "Filtros de entrada/salida, monitoreo de logs."
      },
      {
        "ID": "4",
        "Descripción": "Falsas expectativas de decisión automática.",
        "Categoría": "transparencia",
        "Prob.": 2,
        "Impacto": 2,
        "Punt. (P×I)": 4,
        "Nivel": "medio",
        "Controles": "Mensajes de transparencia activa, campaña de comunicación."
      }
    ],
    "tablaMedidasMitigacion": [
      {
        "ID": "M1",
        "Medida": "Rebalanceo de dataset con muestras de todas las localidades.",
        "Tipo": "tecnico",
        "Responsable": "Propietario de Datos",
        "Plazo": "2025-11-01",
        "Estado": "implementado",
        "Indicador": "Representatividad geográfica > 90%",
        "Comentarios": "Corregido sesgo inicial hacia estrato alto."
      },
      {
        "ID": "M2",
        "Medida": "Implementación de Human-in-the-Loop obligatorio.",
        "Tipo": "organizativo",
        "Responsable": "Sponsor de Negocio",
        "Plazo": "2025-11-20",
        "Estado": "implementado",
        "Indicador": "100% casos revisados",
        "Comentarios": "Inspectores capacitados para validar IA."
      },
      {
        "ID": "M3",
        "Medida": "Protocolo de eliminación segura (90 días).",
        "Tipo": "tecnico",
        "Responsable": "Responsable Técnico",
        "Plazo": "2025-12-01",
        "Estado": "implementado",
        "Indicador": "Logs de borrado",
        "Comentarios": "Configurado en AWS/Cloud."
      }
    ],
    "tablaMonitoreoKPIs": [
      {
        "Categoría": "equidad",
        "Indicador": "Disparate Impact Ratio (DIR)",
        "Definición": "Comparación de precisión entre localidades de diferente estrato.",
        "Fórmula": "Precisión(GrupoA) / Precisión(GrupoRef)",
        "Valor objetivo": ">= 0.8",
        "Valor actual": "0.95 (Estrato bajo vs alto)",
        "Frecuencia": "mensual",
        "Responsable": "Responsable Técnico"
      },
      {
        "Categoría": "rendimiento",
        "Indicador": "Precisión Global",
        "Definición": "Porcentaje de clasificaciones correctas vs humano.",
        "Fórmula": "Aciertos / Total Casos",
        "Valor objetivo": ">= 90%",
        "Valor actual": "92%",
        "Frecuencia": "semanal",
        "Responsable": "Responsable Técnico"
      },
      {
        "Categoría": "calidad-datos",
        "Indicador": "Tasa de Reclasificación Humana",
        "Definición": "Casos donde humano corrige a la IA.",
        "Fórmula": "Reclasificados / Total",
        "Valor objetivo": "< 15%",
        "Valor actual": "12%",
        "Frecuencia": "mensual",
        "Responsable": "Sponsor de Negocio"
      }
    ],
    "tablaAuditoriaActualizaciones": [
      {
        "Tipo": "interna",
        "Alcance": "Revisión de KPIs y drift del modelo.",
        "Frecuencia": "trimestral",
        "Fecha próxima": "2026-03-01",
        "Responsable": "Comité de IA",
        "Hallazgos": "N/A (Inicio operación)",
        "Acción": "Monitoreo continuo"
      },
      {
        "Tipo": "externa",
        "Alcance": "Cumplimiento Ley 1581 y Gobernanza IA.",
        "Frecuencia": "anual",
        "Fecha próxima": "2026-12-01",
        "Responsable": "Control Interno",
        "Hallazgos": "N/A",
        "Acción": "Programar contratación auditor"
      }
    ]
  }
}