{
  "$schema": "http://json-schema.org/draft-07/schema#",
  "titulo": "Sistema Automatizado de Registro de Objeciones de Comparendos",
  "entidad": "Secretaría Distrital de Seguridad, Convivencia y Justicia",
  "sponsor": "Director de Seguridad y Convivencia",
  "responsable": "Líder de Desarrollo e Innovación (Responsable Técnico)",
  "fecha": "26/11/2025 - v1.0",
  "problema": "El proceso actual es manual, presenta una tasa de error del 15% en categorización, genera tiempos de espera de 3 días para la radicación y está limitado a horarios de oficina.",
  "servicio": "Proceso administrativo de registro y clasificación de objeciones a comparendos del CNSCC.",
  "proposito": "Automatizar el registro y clasificación preliminar de objeciones mediante un asistente virtual 24/7, reduciendo la fricción administrativa y validando requisitos legales en tiempo real.",
  "tipo": "clasificacion",
  "resultados": "Reducción del 40% en tiempo de registro (de 3 días a inmediato), aumento del 25% en precisión de información inicial, disponibilidad 24/7.",
  "usuarios": "Ciudadanos (objetantes) y Funcionarios (Inspectores de Policía y administrativos).",
  "perfil": "Ciudadanos con niveles variados de alfabetización digital; Funcionarios capacitados en validación de pre-clasificación.",
  "propietario": "Secretaría Distrital de Seguridad (Propietario de Datos).",
  "stakeholders": "Comité de IA, DPO, Control Interno, Ciudadanía, Proveedores de Tecnología.",
  "rolesGobernanza": [
    "dpo",
    "tic",
    "juridica",
    "comite"
  ],
  "fuentes": "Historial anonimizado de PQRSD (3 años), transcripciones de objeciones verbales, normativa CNSCC.",
  "categoriasDatos": [
    "personales",
    "publicos"
  ],
  "volumen": "Aprox. 500-700 objeciones por semana; actualización continua.",
  "calidad": "Inicialmente sesgada (68% estratos altos), corregida mediante rebalanceo y data augmentation para incluir lenguaje coloquial.",
  "privacidad": "Datos personales de identificación y contacto; se aplica minimización, cifrado y retención temporal (90 días).",
  "baseServicio": "Código Nacional de Seguridad y Convivencia Ciudadana (CNSCC).",
  "baseLegal": [
    "cumplimiento",
    "funcion"
  ],
  "normativa": "Ley 1581 de 2012 (Habeas Data), Circular 002 SIC, Framework de Gobernanza de IA del Distrito.",
  "evaluacionLegal": "Cumple con transparencia activa, no toma decisiones finales automatizadas (Human-in-the-loop) y garantiza derecho de auditoría.",
  "criteriosClasificacion": [
    "servicios",
    "derechos"
  ],
  "nivelRiesgo": "limitado",
  "justificacion": "Interactúa con ciudadanos y procesa datos personales, pero NO toma decisiones finales; su función es asistencia y clasificación preliminar sujeta a revisión humana.",
  "riesgosEticos": "Sesgo lingüístico: Posible malinterpretación de lenguaje coloquial o jerga de zonas rurales/estratos bajos.",
  "riesgosPrivacidad": "Gestión inadecuada de datos en sesión, retención excesiva de conversaciones o falta de cifrado.",
  "riesgosSeguridad": "Ataques de 'Prompt Injection' para extraer datos o vulnerabilidades en la integración con base de datos de comparendos.",
  "riesgosEquidad": "Exclusión de ciudadanos con baja alfabetización digital o discriminación por dialecto (Disparate Impact).",
  "riesgosOperativos": "Saturación del sistema, falsas expectativas de 'aprobación' automática por parte del ciudadano.",
  "riesgosReputacionales": "Pérdida de confianza si el bot clasifica erróneamente objeciones legítimas o si se percibe como barrera de acceso.",
  "mitigaciones": "Entrenamiento con corpus diverso, Human-in-the-loop obligatorio (revisión 100%), umbral de confianza 85%, cifrado End-to-End, borrado seguro a 90 días.",
  "kpiTecnicos": "Precisión global > 90%, Latencia < 2 seg, Uptime > 99.5%.",
  "kpiImpacto": "Tiempo de registro < 5 min, Tasa de completitud > 85%, Reducción carga manual 40%.",
  "kpiCumplimiento": "Disparate Impact Ratio (DIR) >= 0.8, Incidentes de privacidad = 0.",
  "lineaBase": "Proceso manual: 3 días de espera, 15% error de clasificación, horario limitado.",
  "metas": "Registro inmediato, error < 10% (post-revisión), satisfacción > 80%.",
  "estrategia": "gradual",
  "alcance": "Etapa 1: Piloto en 3 localidades (Kennedy, Suba, Fontibón). Etapa 2: Escalamiento a 10 localidades. Etapa 3: Total Bogotá.",
  "capacitacion": "Talleres para inspectores sobre revisión de objeciones pre-clasificadas y protocolo de desacuerdo con la IA.",
  "comunicacion": "Campaña de transparencia activa en interfaz, publicación de Model Card simplificada y video tutoriales.",
  "cronograma": "Fases 1-5 (Diseño/Desarrollo): Completado. Fase 6 (Pruebas): Aprobado. Fase 7 (Despliegue): Piloto 2 semanas + Escalamiento. Fase 9 (Retiro): Planificado a 24 meses.",
  "controles": "Auditoría de logs, monitoreo de equidad (Fairness Monitor) mensual, revisión trimestral del Comité de IA.",
  "frecuencia": "Monitoreo intensivo (Hypercare) quincenal al inicio; Trimestral en operación estable; Auditoría anual.",
  "protocolo": "Si confianza < 85% o petición de usuario, transferir inmediatamente a funcionario humano. Reclasificación manual prevalece.",
  "canales": "Botón 'Hablar con funcionario', categoría específica en PQRSD, línea de soporte técnico.",
  "criterios": "Suspensión si: Brecha de datos, DIR < 0.7 (sesgo grave), o > 10 quejas críticas semanales.",
  "planDatos": "Eliminación segura (wipe) de conversaciones tras 90 días; Conservación de radicados administrativos por 5-10 años (Archivo General).",
  "planTransicion": "Notificación 45 días antes del retiro; activación de canal alternativo; transferencia de dataset anonimizado y lecciones aprendidas.",
  "tecnica": "tecnicaViable",
  "juridica": "juridicaConforme",
  "dpo": "dpoAprobado",
  "planeacion": "planeacionDisponibles",
  "comite": "comiteAprobado",
  "firma": "Aprobado por: Presidente Comité IA, DPO, Sponsor y Responsable Técnico. 28/11/2025",
  "fechaExportacion": "2025-12-08T22:49:06-05:00",
  "versionCanvas": "v1.0"
}
