{
  "fechaExportacion": "2025-12-08T23:10:00-05:00",
  "riesgos": [
    {
      "id": 1,
      "descripcion": "Sesgo Algorítmico Lingüístico: El modelo NLP puede malinterpretar jerga local o lenguaje coloquial de estratos bajos, generando barreras de acceso.",
      "categoria": "Equidad",
      "dimension": "Equidad y no discriminación",
      "probabilidad": 2,
      "impacto": 3,
      "calificacion": 6,
      "nivelRiesgo": {
        "nivel": "Medio",
        "clase": "risk-level-medio"
      },
      "controles": "Dataset rebalanceado por localidades y entrenamiento con variaciones lingüísticas.",
      "efectividad": "Media",
      "adicional": "Monitoreo mensual del Disparate Impact Ratio (DIR) y protocolo de confirmación humana si confianza < 85%.",
      "responsable": "Responsable Técnico",
      "estado": "Mitigado"
    },
    {
      "id": 2,
      "descripcion": "Privacidad y Datos Personales: Riesgo de fuga o acceso no autorizado a datos sensibles de ciudadanos.",
      "categoria": "Privacidad",
      "dimension": "Derechos y libertades fundamentales",
      "probabilidad": 1,
      "impacto": 3,
      "calificacion": 3,
      "nivelRiesgo": {
        "nivel": "Bajo",
        "clase": "risk-level-bajo"
      },
      "controles": "Cifrado TLS 1.3/AES-256 y eliminación automática (Secure Wipe) a los 90 días.",
      "efectividad": "Alta",
      "adicional": "Pruebas de penetración anuales y auditoría de cumplimiento Ley 1581.",
      "responsable": "DPO / Oficial de Seguridad",
      "estado": "Controlado"
    },
    {
      "id": 3,
      "descripcion": "Seguridad (Prompt Injection): Intentos maliciosos de manipular el chatbot para revelar información de otros casos.",
      "categoria": "Seguridad",
      "dimension": "Robustez técnica",
      "probabilidad": 2,
      "impacto": 2,
      "calificacion": 4,
      "nivelRiesgo": {
        "nivel": "Medio",
        "clase": "risk-level-medio"
      },
      "controles": "Filtros de seguridad en entrada/salida y bloqueo de patrones de ataque.",
      "efectividad": "Alta",
      "adicional": "Bloqueo automático de usuarios reincidentes y monitoreo de logs de seguridad.",
      "responsable": "Responsable Técnico",
      "estado": "Monitoreado"
    },
    {
      "id": 4,
      "descripcion": "Exclusión Digital: Ciudadanos sin habilidades digitales no pueden acceder al canal automatizado.",
      "categoria": "Accesibilidad",
      "dimension": "Equidad y no discriminación",
      "probabilidad": 3,
      "impacto": 2,
      "calificacion": 6,
      "nivelRiesgo": {
        "nivel": "Medio",
        "clase": "risk-level-medio"
      },
      "controles": "Diseño accesible WCAG 2.1 y lenguaje claro.",
      "efectividad": "Media",
      "adicional": "Mantenimiento obligatorio del canal presencial y opción visible de 'Hablar con funcionario'.",
      "responsable": "Sponsor de Negocio",
      "estado": "Aceptado"
    },
    {
      "id": 5,
      "descripcion": "Falsas Expectativas: El ciudadano cree que la IA toma la decisión final ('Juez Robot'), afectando la confianza institucional.",
      "categoria": "Transparencia",
      "dimension": "Reputación y confianza pública",
      "probabilidad": 2,
      "impacto": 2,
      "calificacion": 4,
      "nivelRiesgo": {
        "nivel": "Medio",
        "clase": "risk-level-medio"
      },
      "controles": "Mensajes de transparencia activa al inicio y fin de la conversación.",
      "efectividad": "Media",
      "adicional": "Campaña de comunicación aclarando que la decisión final siempre es humana.",
      "responsable": "Comunicaciones",
      "estado": "En progreso"
    }
  ]
}