{
  "modeloNombre": "OBJECIONES_BOG_NLP_CLASSIFIER_V1.0",
  "modeloVersion": "1.0 (Release Candidate)",
  "modeloEntidad": "Secretaría Distrital de Seguridad, Convivencia y Justicia",
  "modeloArea": "Dirección de Seguridad y Convivencia",
  "modeloFechaCreacion": "2025-11-26",
  "modeloFechaActualizacion": "2025-11-26",
  "modeloEstado": "produccion",
  "modeloObjetivo": "Guiar conversacionalmente al ciudadano en el registro de objeciones y clasificar automáticamente el tipo de objeción según la taxonomía del CNSCC.",
  "modeloCasoUso": "Trámite administrativo de registro de recursos de objeción a comparendos en Bogotá D.C.",
  "modeloAlcance": "Clasificación preliminar para enrutamiento interno. NO toma decisiones jurídicas finales ni emite fallos.",
  "modeloProcesosImpactados": "Recepción de PQRSD, Sustanciación de Inspectores de Policía, Gestión Documental.",
  "modeloUsuariosPrevistos": "Ciudadanos (Objetantes) y Funcionarios (Inspectores de Policía y administrativos).",
  "modeloTipo": "nlp",
  "modeloAlgoritmo": "Transformer (Modelo pre-entrenado tipo BETO con Fine-tuning).",
  "modeloArquitectura": "Arquitectura híbrida: Intent Recognition + Text Classification + Named Entity Recognition (NER).",
  "modeloTecnologias": "Python, Framework de NLP (HuggingFace/TensorFlow), Integración REST API.",
  "modeloDatasetEntrenamiento": "OBJECIONES_BOG_TRAINING_V1. Historial de 3 años de PQRSD, balanceado y aumentado.",
  "modeloDatasetValidacion": "20% del corpus total (Hold-out set estratificado).",
  "modeloDatasetPruebas": "Set de pruebas con datos reales anonimizados de todas las localidades.",
  "modeloReferenciaDataSheet": "OBJECIONES_BOG_TRAINING_V1",
  "modeloSesgosIdentificados": "Ligera degradación de precisión en textos con errores ortográficos severos o jerga coloquial de estratos bajos.",
  "modeloResultadosPruebasEquidad": "Disparate Impact Ratio (DIR) de 0.95 (Estrato Bajo vs Alto). Cumple con el estándar de equidad (>0.8).",
  "modeloMedidasMitigacionSesgos": "Rebalanceo geográfico del dataset, Data Augmentation con errores ortográficos, Human-in-the-loop (<85% confianza).",
  "modeloTecnicasExplicabilidad": "Acceso a logs de confianza del modelo y racionalización de entidades extraídas.",
  "modeloInformacionPublica": "Versión ciudadana simplificada de la Model Card publicada en web y FAQs.",
  "modeloMecanismosRendicionCuentas": "Auditoría anual externa, Tablero de Equidad mensual, Protocolo de reclasificación humana.",
  "modeloUsosPermitidos": "Asistencia al ciudadano, clasificación de colas de trabajo, extracción de metadatos.",
  "modeloUsosRestringidos": "Interacción con menores de edad (requiere supervisión), textos en idiomas distintos al español.",
  "modeloUsosProhibidos": "Decisiones automatizadas de rechazo/aceptación, perfilamiento de ciudadanos, vigilancia predictiva.",
  "modeloBuenasPracticas": "Transparencia Activa (Aviso de IA), Privacidad por Diseño, Supervisión Humana.",
  "modeloEntradas": "Texto libre (narrativa de objeción), selección de opciones, números de comparendo.",
  "modeloSalidas": "Clase de objeción (Procedimiento, Fondo, etc.), Score de confianza (0-1), Entidades (Fechas, IDs).",
  "modeloIndicadoresDesempeno": "Precisión (Accuracy), Tasa de Completitud, Latencia, Tasa de Transferencia a Humano.",
  "modeloFrecuenciaReentrenamiento": "Trimestral, o si se detecta drift significativo.",
  "modeloControlesDrift": "Monitoreo de tasa de 'No Clasificados' y tasa de reclasificación manual por inspectores.",
  "modeloAprobacionTecnica": "Aprobado - Precisión global 92% supera meta del 90%.",
  "modeloAprobacionJuridica": "Aprobado - Cumple debido proceso y no sustituye al juez.",
  "modeloAprobacionDPO": "Aprobado - Cumple minimización y cifrado.",
  "modeloAprobacionComiteIA": "Aprobado para Despliegue (Go-Live) con condiciones de monitoreo.",
  "tablaMetricasGlobales": [
    {
      "Métrica": "Precisión Global (Accuracy)",
      "Valor": "92%",
      "Descripción": "Exactitud general en la clasificación del tipo de objeción."
    },
    {
      "Métrica": "Completitud de Información",
      "Valor": "96%",
      "Descripción": "Porcentaje de casos donde extrae todos los campos obligatorios."
    },
    {
      "Métrica": "Latencia (Mediana)",
      "Valor": "1.2 segundos",
      "Descripción": "Tiempo de respuesta por turno conversacional."
    },
    {
      "Métrica": "Tasa de Abandonos",
      "Valor": "12%",
      "Descripción": "Usuarios que inician pero no terminan el flujo."
    }
  ],
  "tablaMetricasSubpoblaciones": [
    {
      "Subpoblación": "Localidades Estrato Alto (Chapinero, Usaquén)",
      "Métrica": "Precisión",
      "Valor": "94.5%",
      "Observaciones": "Referencia (Baseline)."
    },
    {
      "Subpoblación": "Localidades Estrato Medio (Kennedy, Engativá)",
      "Métrica": "Precisión",
      "Valor": "91.8%",
      "Observaciones": "DIR: 0.97 (Aceptable)."
    },
    {
      "Subpoblación": "Localidades Estrato Bajo (Ciudad Bolívar, Bosa)",
      "Métrica": "Precisión",
      "Valor": "90.2%",
      "Observaciones": "DIR: 0.95 (Aceptable, >0.8)."
    }
  ],
  "tablaRiesgosModelo": [
    {
      "Tipo de Riesgo": "etico",
      "Descripción": "Sesgo lingüístico contra jerga coloquial.",
      "Impacto": "alto",
      "Probabilidad": "media"
    },
    {
      "Tipo de Riesgo": "operativo",
      "Descripción": "Clasificación errónea que retrasa el proceso.",
      "Impacto": "medio",
      "Probabilidad": "baja"
    },
    {
      "Tipo de Riesgo": "social",
      "Descripción": "Exclusión digital de usuarios no tech-savvy.",
      "Impacto": "medio",
      "Probabilidad": "alta"
    }
  ],
  "tablaControlesModelo": [
    {
      "Tipo de Control": "supervision",
      "Descripción": "Transferencia a humano si confianza < 85%.",
      "Frecuencia": "Tiempo Real",
      "Responsable": "Sistema / Inspector"
    },
    {
      "Tipo de Control": "monitoreo",
      "Descripción": "Cálculo de Disparate Impact Ratio (DIR).",
      "Frecuencia": "Mensual",
      "Responsable": "Equipo Técnico"
    },
    {
      "Tipo de Control": "auditoria",
      "Descripción": "Revisión de reclasificaciones manuales.",
      "Frecuencia": "Quincenal",
      "Responsable": "Comité de IA"
    }
  ],
  "tablaHistorialModelo": [
    {
      "Versión": "0.9 (Beta)",
      "Fecha": "2025-10-01",
      "Ajustes realizados": "Entrenamiento inicial y pruebas de integración.",
      "Responsable": "Desarrollador NLP"
    },
    {
      "Versión": "1.0 (RC)",
      "Fecha": "2025-11-26",
      "Ajustes realizados": "Ajuste de hiperparámetros tras pruebas de carga y validación de equidad.",
      "Responsable": "Líder Técnico"
    }
  ],
  "fechaExportacion": "2025-12-09T00:05:00-05:00",
  "versionModelCard": "v1.0"
}